qa_id,date,release_ref,area,test,evidence,expected,actual,result,owner,follow_up
QA-T0-DOM,2026-09-08T11:33:58Z,f8431478b995031131fcdf4c12d89afdb6743067,preview DOM,Read-only 390x844 home/price HTML-DOM observations,technical-baseline.json; external rendered_dom_evidence.json,Observe current behavior without writes,HTTP 200; one rendered H1 per page; noindex; no canonical/JSON-LD; no price anchor; forms disabled,PASS_OBSERVATION_ONLY,Codex,PR-01/06 five-viewport visual/accessibility/performance QA
QA-PR01-OPERATOR,2026-09-08T19:44:33.788945+00:00,7208e7cadda04273c27282a68171ea3853664510 + uncommitted PR01,OPERATOR,Operator identity/bundle/unsupported-outcome/tenant gates,External PR01 review evidence; technical-baseline.json,Bounded local acceptance; no submission or publication,Operator identity/bundle/unsupported-outcome/tenant gates,PASS,Codex,Independent review; no commit/push/PR/deploy; live outcomes UNKNOWN
QA-PR01-IMPLEMENT,2026-09-08T19:44:33.788945+00:00,7208e7cadda04273c27282a68171ea3853664510 + uncommitted PR01,IMPLEMENT,Implement authorization at recorded clean start boundary,External PR01 review evidence; technical-baseline.json,Bounded local acceptance; no submission or publication,Implement authorization at recorded clean start boundary,PASS_TO_START_EDITS_ONLY,Codex,Independent review; no commit/push/PR/deploy; live outcomes UNKNOWN
QA-PR01-UNIT,2026-09-08T19:44:33.788945+00:00,7208e7cadda04273c27282a68171ea3853664510 + uncommitted PR01,UNIT,npm test: 6/6,External PR01 review evidence; technical-baseline.json,Bounded local acceptance; no submission or publication,npm test: 6/6,PASS,Codex,Independent review; no commit/push/PR/deploy; live outcomes UNKNOWN
QA-PR01-BUILD,2026-09-08T19:44:33.788945+00:00,7208e7cadda04273c27282a68171ea3853664510 + uncommitted PR01,BUILD,preview and production builds,External PR01 review evidence; technical-baseline.json,Bounded local acceptance; no submission or publication,preview and production builds,PASS_LOCAL_ONLY,Codex,Independent review; no commit/push/PR/deploy; live outcomes UNKNOWN
QA-PR01-ARTIFACT,2026-09-08T19:44:33.788945+00:00,7208e7cadda04273c27282a68171ea3853664510 + uncommitted PR01,ARTIFACT,8/8 HTML/head/schema/links/robots/sitemap/admin/404 checks; XML parser,External PR01 review evidence; technical-baseline.json,Bounded local acceptance; no submission or publication,8/8 HTML/head/schema/links/robots/sitemap/admin/404 checks; XML parser,PASS_LOCAL_ONLY,Codex,Independent review; no commit/push/PR/deploy; live outcomes UNKNOWN
QA-PR01-BROWSER,2026-09-08T19:44:33.788945+00:00,7208e7cadda04273c27282a68171ea3853664510 + uncommitted PR01,BROWSER,20/20 technical cases at five widths + JS disabled parity; existing Chromium/WebKit intake at five widths per target,External PR01 review evidence; technical-baseline.json,Bounded local acceptance; no submission or publication,20/20 technical cases at five widths + JS disabled parity; existing Chromium/WebKit intake at five widths per target,PASS_LOCAL_ONLY,Codex,Independent review; no commit/push/PR/deploy; live outcomes UNKNOWN
QA-PR01-OUTCOME,2026-09-08T19:44:33.788945+00:00,7208e7cadda04273c27282a68171ea3853664510 + uncommitted PR01,OUTCOME,T0 record preserved; claims=[],External PR01 review evidence; technical-baseline.json,Bounded local acceptance; no submission or publication,T0 record preserved; claims=[],RECORD_VALID_ONLY,Codex,Independent review; no commit/push/PR/deploy; live outcomes UNKNOWN
QA-PR03-OPERATOR,2026-09-12T15:04:51.484370+00:00,160804ce2fd0cd759788f2ec2961b1638f7dcda8 + PR03 pre-commit source,controls,PR03 bounded acceptance,External DENTIX_PR03_ENTITY_LOCAL_EVIDENCE_2026-09-12/: operator-identity.json; validator-results.json,Source/render parity; no launch; no POST; approved facts only,Immutable 0.2.1 identity 213 files / 10 skills; bundle/skills and 47 outcome tests PASS,PASS,Codex,Draft PR review only; Ready/merge/deploy require separate authority
QA-PR03-ARTIFACT,2026-09-12T15:04:51.484370+00:00,160804ce2fd0cd759788f2ec2961b1638f7dcda8 + PR03 pre-commit source,routes/schema,PR03 bounded acceptance,External DENTIX_PR03_ENTITY_LOCAL_EVIDENCE_2026-09-12/: npm-test.log; build-preview.log; build-production.log; artifacts.log,Source/render parity; no launch; no POST; approved facts only,10 unit tests; preview + production build; 14 artifact tests PASS,PASS,Codex,Draft PR review only; Ready/merge/deploy require separate authority
QA-PR03-BROWSER,2026-09-12T15:04:51.484370+00:00,160804ce2fd0cd759788f2ec2961b1638f7dcda8 + PR03 pre-commit source,browser/safety,PR03 bounded acceptance,External DENTIX_PR03_ENTITY_LOCAL_EVIDENCE_2026-09-12/: browser_qa.json; lead_source_entry_points.json; mobile.log; founder_video_integration.json,Source/render parity; no launch; no POST; approved facts only,40 hydrated + 40 no-JS; 16 managed-team/lead fixture cases; 40 safe Chromium/WebKit mobile; 16 founder/video cases PASS; no submissions,PASS,Codex,Draft PR review only; Ready/merge/deploy require separate authority
QA-PR03-VISUAL,2026-09-12T15:04:51.484370+00:00,160804ce2fd0cd759788f2ec2961b1638f7dcda8 + PR03 pre-commit source,visual,PR03 bounded acceptance,External DENTIX_PR03_ENTITY_LOCAL_EVIDENCE_2026-09-12/: top-*.png; baseline-top-*.png; production-*.png,Source/render parity; no launch; no POST; approved facts only,390/1440 all production routes visually reviewed; existing design retained; baseline main home/price comparison,PASS,Codex,Draft PR review only; Ready/merge/deploy require separate authority
QA-PR04A-UNIT,2026-09-13T09:06:01.002482+00:00,51e1da2343923d5e997d8bb6d7abe6734b9bc24c + PR04A pre-commit source,unit,Unit contracts,External DENTIX_PR04A_THERAPY_EVIDENCE_2026-09-13/npm-test.log,Approved sources; bounded copy; local acceptance only; no POST or production action,15 PASS; including real SSR zero-fetch and exact-row/role selectors,PASS,Codex,Draft PR review; production/reviewer/access/cutover gates remain; claims=[]
QA-PR04A-BUILD,2026-09-13T09:06:01.002482+00:00,51e1da2343923d5e997d8bb6d7abe6734b9bc24c + PR04A pre-commit source,build,Preview and production build,External DENTIX_PR04A_THERAPY_EVIDENCE_2026-09-13/build-preview.log; build-production.log,Approved sources; bounded copy; local acceptance only; no POST or production action,Both PASS; seven meaningful initial HTML routes,PASS,Codex,Draft PR review; production/reviewer/access/cutover gates remain; claims=[]
QA-PR04A-ARTIFACT,2026-09-13T09:06:01.002482+00:00,51e1da2343923d5e997d8bb6d7abe6734b9bc24c + PR04A pre-commit source,artifact,HTTP/head/sitemap/schema/internal links,External DENTIX_PR04A_THERAPY_EVIDENCE_2026-09-13/artifact-tests.log; *_assertions.json,Approved sources; bounded copy; local acceptance only; no POST or production action,20 PASS; production seven URLs; 404/admin isolation,PASS,Codex,Draft PR review; production/reviewer/access/cutover gates remain; claims=[]
QA-PR04A-BROWSER,2026-09-13T09:06:01.002482+00:00,51e1da2343923d5e997d8bb6d7abe6734b9bc24c + PR04A pre-commit source,browser,Five-width hydrated/no-JS QA,External DENTIX_PR04A_THERAPY_EVIDENCE_2026-09-13/screenshots/browser_qa.json,Approved sources; bounded copy; local acceptance only; no POST or production action,70 hydrated + 70 no-JS + 140 semantic PASS; no POST; no console/hydration errors,PASS,Codex,Draft PR review; production/reviewer/access/cutover gates remain; claims=[]
QA-PR04A-MANAGED,2026-09-13T09:06:01.002482+00:00,51e1da2343923d5e997d8bb6d7abe6734b9bc24c + PR04A pre-commit source,managed,Valid/empty/invalid/unmatched source fixtures,External DENTIX_PR04A_THERAPY_EVIDENCE_2026-09-13/therapy_managed_content.json,Approved sources; bounded copy; local acceptance only; no POST or production action,24 PASS; one managed GET per route; current price/Person parity; zero SSR fetch,PASS,Codex,Draft PR review; production/reviewer/access/cutover gates remain; claims=[]
QA-PR04A-LEAD,2026-09-13T09:06:01.002482+00:00,51e1da2343923d5e997d8bb6d7abe6734b9bc24c + PR04A pre-commit source,lead,No-catalog and callback drawer branches,External DENTIX_PR04A_THERAPY_EVIDENCE_2026-09-13/screenshots/lead_source_entry_points.json,Approved sources; bounded copy; local acceptance only; no POST or production action,28 PASS across seven routes and both profiles; PUBLIC_DEMO/CANONICAL_CANDIDATE; no submissions,PASS,Codex,Draft PR review; production/reviewer/access/cutover gates remain; claims=[]
QA-PR04A-MOBILE,2026-09-13T09:06:01.002482+00:00,51e1da2343923d5e997d8bb6d7abe6734b9bc24c + PR04A pre-commit source,mobile,Existing safe Chromium/WebKit suite,External DENTIX_PR04A_THERAPY_EVIDENCE_2026-09-13/mobile-*/published.json,Approved sources; bounded copy; local acceptance only; no POST or production action,40 PASS; local-only GET; no submission,PASS,Codex,Draft PR review; production/reviewer/access/cutover gates remain; claims=[]
QA-PR04A-FOUNDER,2026-09-13T09:06:01.002482+00:00,51e1da2343923d5e997d8bb6d7abe6734b9bc24c + PR04A pre-commit source,founder,Founder portrait/video/poster regression,External DENTIX_PR04A_THERAPY_EVIDENCE_2026-09-13/founder_video_integration.json,Approved sources; bounded copy; local acceptance only; no POST or production action,16 PASS; both engines/profiles; 390/1440 and JS/no-JS,PASS,Codex,Draft PR review; production/reviewer/access/cutover gates remain; claims=[]
QA-PR04A-OPERATOR,2026-09-13T09:09:31.382466+00:00,51e1da2343923d5e997d8bb6d7abe6734b9bc24c + PR04A pre-commit source,controls,PR04A bounded acceptance,External DENTIX_PR04A_THERAPY_EVIDENCE_2026-09-13/operator-identity.json; validator-results.json; isolation-source-contracts.json,Local acceptance; approved facts; no POST or external changes,Bundle 0.2.1 identity 213 files/10 skills; operator/client/state/evidence/assets/outcome/page-inventory validators PASS; 47 negative/positive outcome tests PASS; DENTIX path/source scope PASS,PASS,Codex,Draft review only; production review/access/cutover boundaries remain; claims=[]
QA-PR04A-VISUAL,2026-09-13T09:09:31.382466+00:00,51e1da2343923d5e997d8bb6d7abe6734b9bc24c + PR04A pre-commit source,visual,PR04A bounded acceptance,External DENTIX_PR04A_THERAPY_EVIDENCE_2026-09-13/visual-review.md; top-*.png; screenshots/*.png,Local acceptance; approved facts; no POST or external changes,390/1440 heroes for three routes visually inspected; five-width automated overflow/semantic checks PASS; existing design retained,PASS,Codex,Draft review only; production review/access/cutover boundaries remain; claims=[]
QA-PR04A-MERGE-REVIEW,2026-09-13T10:20:50.948291+00:00,86e1130603ea98243c93c971a1e0285ff53901db,merge gate preflight,Independent remote/evidence/source/content/contract review,External DENTIX_PR04A_MERGE_PREVIEW_DEPLOY_EVIDENCE_2026-09-13: repository-preflight.json; input-evidence-verification.json; six-source-pins.json; independent-content-contract-review.md,Exact base/head/40 paths; bounded approved content; no clinical review claim,PASS; 166 checksum entries; six source pins; NO_SERVER_CI; historical QA reconciled,PASS,Codex,Fresh final-head suite and Ready/merge/one preview deployment pending; professional review UNKNOWN/NOT_COMPLETED; production NOT_LAUNCHED; claims=[]
QA-PR04B-UNIT,2026-09-13T11:01:55.872913+00:00,be42e9d3547a9388e2e0a0ffa4d7258a55616579 + PR04B precommit source,Unit/source/role/price/SSR,PR04B authorized acceptance,DENTIX_PR04B_SURGERY_EVIDENCE_2026-09-13/npm-test.log,Local-only; approved current facts; no inferred surgeon; zero POST; no production action,20 PASS; zero SSR requests,PASS,Codex,One normal commit/push/Draft PR and external evidence; stop. Professional review UNKNOWN/NOT_COMPLETED; production blocked; claims=[]
QA-PR04B-BUILD,2026-09-13T11:01:55.872913+00:00,be42e9d3547a9388e2e0a0ffa4d7258a55616579 + PR04B precommit source,Preview/production,PR04B authorized acceptance,DENTIX_PR04B_SURGERY_EVIDENCE_2026-09-13/build-preview.log; build-production.log,Local-only; approved current facts; no inferred surgeon; zero POST; no production action,Both PASS; ten initial patient artifacts per profile,PASS,Codex,One normal commit/push/Draft PR and external evidence; stop. Professional review UNKNOWN/NOT_COMPLETED; production blocked; claims=[]
QA-PR04B-ARTIFACT,2026-09-13T11:01:55.872913+00:00,be42e9d3547a9388e2e0a0ffa4d7258a55616579 + PR04B precommit source,Head/sitemap/schema/links/HTTP,PR04B authorized acceptance,DENTIX_PR04B_SURGERY_EVIDENCE_2026-09-13/artifact-tests.log; *_assertions.json,Local-only; approved current facts; no inferred surgeon; zero POST; no production action,28 PASS; ten production sitemap URLs; preview no sitemap/graph/canonical; 404/admin isolation,PASS,Codex,One normal commit/push/Draft PR and external evidence; stop. Professional review UNKNOWN/NOT_COMPLETED; production blocked; claims=[]
QA-PR04B-BROWSER,2026-09-13T11:01:55.872913+00:00,be42e9d3547a9388e2e0a0ffa4d7258a55616579 + PR04B precommit source,Five widths in both profiles,PR04B authorized acceptance,DENTIX_PR04B_SURGERY_EVIDENCE_2026-09-13/browser_qa.json,Local-only; approved current facts; no inferred surgeon; zero POST; no production action,100 hydrated + 100 no-JS + 200 semantic PASS; no overflow/broken images/console/hydration errors,PASS,Codex,One normal commit/push/Draft PR and external evidence; stop. Professional review UNKNOWN/NOT_COMPLETED; production blocked; claims=[]
QA-PR04B-MANAGED,2026-09-13T11:01:55.872913+00:00,be42e9d3547a9388e2e0a0ffa4d7258a55616579 + PR04B precommit source,Shared source/doctor role/price parity,PR04B authorized acceptance,DENTIX_PR04B_SURGERY_EVIDENCE_2026-09-13/surgery_managed_content.json; therapy_managed_content.json,Local-only; approved current facts; no inferred surgeon; zero POST; no production action,30 surgery + 24 therapy cases PASS; valid/empty/invalid/unmatched/near-role; visible/Person parity,PASS,Codex,One normal commit/push/Draft PR and external evidence; stop. Professional review UNKNOWN/NOT_COMPLETED; production blocked; claims=[]
QA-PR04B-LEAD,2026-09-13T11:01:55.872913+00:00,be42e9d3547a9388e2e0a0ffa4d7258a55616579 + PR04B precommit source,All ten routes / both drawer branches,PR04B authorized acceptance,DENTIX_PR04B_SURGERY_EVIDENCE_2026-09-13/lead_source_entry_points.json,Local-only; approved current facts; no inferred surgeon; zero POST; no production action,40 PASS; PUBLIC_DEMO/CANONICAL_CANDIDATE; zero POST,PASS,Codex,One normal commit/push/Draft PR and external evidence; stop. Professional review UNKNOWN/NOT_COMPLETED; production blocked; claims=[]
QA-PR04B-MOBILE,2026-09-13T11:01:55.872913+00:00,be42e9d3547a9388e2e0a0ffa4d7258a55616579 + PR04B precommit source,Safe local Chromium/WebKit,PR04B authorized acceptance,DENTIX_PR04B_SURGERY_EVIDENCE_2026-09-13/mobile-*/published.json,Local-only; approved current facts; no inferred surgeon; zero POST; no production action,40 PASS; ten viewport sizes per engine/profile; no submissions,PASS,Codex,One normal commit/push/Draft PR and external evidence; stop. Professional review UNKNOWN/NOT_COMPLETED; production blocked; claims=[]
QA-PR04B-FOUNDER,2026-09-13T11:01:55.872913+00:00,be42e9d3547a9388e2e0a0ffa4d7258a55616579 + PR04B precommit source,Founder/video/poster,PR04B authorized acceptance,DENTIX_PR04B_SURGERY_EVIDENCE_2026-09-13/founder_video_integration.json,Local-only; approved current facts; no inferred surgeon; zero POST; no production action,16 PASS; both engines/profiles; 390/1440; JS/no-JS; unchanged media hashes,PASS,Codex,One normal commit/push/Draft PR and external evidence; stop. Professional review UNKNOWN/NOT_COMPLETED; production blocked; claims=[]
QA-PR04B-VISUAL,2026-09-13T11:01:55.872913+00:00,be42e9d3547a9388e2e0a0ffa4d7258a55616579 + PR04B precommit source,Manual screenshot inspection,PR04B authorized acceptance,DENTIX_PR04B_SURGERY_EVIDENCE_2026-09-13/top-*.png; prices-*.png; team-*.png; visual-review.md,Local-only; approved current facts; no inferred surgeon; zero POST; no production action,Three production heroes at 390/1440; mobile price and no-surgeon sections reviewed; existing layout retained,PASS,Codex,One normal commit/push/Draft PR and external evidence; stop. Professional review UNKNOWN/NOT_COMPLETED; production blocked; claims=[]
QA-PR04B-OPERATOR,2026-09-13T11:01:55.872913+00:00,be42e9d3547a9388e2e0a0ffa4d7258a55616579 + PR04B precommit source,Identity/state/evidence/outcome,PR04B authorized acceptance,DENTIX_PR04B_SURGERY_EVIDENCE_2026-09-13/operator-identity.json; validator-results.json; negative-outcome.log,Local-only; approved current facts; no inferred surgeon; zero POST; no production action,213 immutable files and 10 skills match approved bundle; bundle/47 outcome tests/client/state/evidence/assets/page map PASS; claims=[],PASS,Codex,One normal commit/push/Draft PR and external evidence; stop. Professional review UNKNOWN/NOT_COMPLETED; production blocked; claims=[]
QA-PR04B-MERGE-REVIEW,2026-09-13T11:28:14.102250+00:00,c2c36d966f747092e9a20447f656227b90e11c7e,Independent merge evidence/source/content review,ZIP and seven-source/route/no-surgeon boundary,External DENTIX_PR04B_MERGE_PREVIEW_DEPLOY_EVIDENCE_2026-09-13,184 declared entries and exact base/head/scope; approved facts only,184/184 PASS; seven pins; 42 paths; no critical/high finding; NO_SERVER_CI,PASS,Codex,Fresh final-head suite then Ready/normal merge/one preview deployment pending; professional review incomplete; claims=[]
