source_url,source_status,target_url,target_status,hops,reason,internal_links_updated,sitemap_updated,owner,status,normalized_path,purpose,decision_state,review_required,loss_risk,evidence_date,source_evidence,gsc_metrics,backlink_metrics
https://dentix.ua/robots.txt,200,https://dentix.ua/robots.txt,200,NOT_APPLICABLE,Preserve robots endpoint; current WP rules must be replaced only at separately authorized cutover.,False,False,DENTIX owner / hosting owner; named assignee pending,200_REBUILD_SAME_URL,/robots.txt,control,FINAL_CANDIDATE_NOT_DEPLOYED,hosting owner,Unmeasured legacy access/link loss,2026-09-12,crawl-report.csv exact URL; external public-evidence/crawl.json or media-http.json,ACCESS_BLOCKED,UNKNOWN
https://dentix.ua/,200,https://dentix.ua/,200,NOT_APPLICABLE,"Existing commercial page; preserve exact URL, intent and incoming navigation; refreshed Ukrainian copy requires evidence.",False,False,DENTIX owner / hosting owner; named assignee pending,200_REBUILD_SAME_URL,/,content,FINAL_CANDIDATE_NOT_DEPLOYED,client + qualified dental reviewer,Loss of existing service/brand landing page and unknown search/link signals,2026-09-12,crawl-report.csv exact URL; external public-evidence/crawl.json or media-http.json,ACCESS_BLOCKED,UNKNOWN
https://dentix.ua/wp-sitemap.xml,200,https://dentix.ua/sitemap.xml,301,planned 1,"Legacy XML discovery endpoint maps to replacement sitemap, after new sitemap is 200 and includes only approved canonical URLs.",False,False,DENTIX owner / hosting owner; named assignee pending,301_EXACT_REPLACEMENT,/wp-sitemap.xml,control,FINAL_CANDIDATE_NOT_DEPLOYED,hosting owner,Unmeasured legacy access/link loss,2026-09-12,crawl-report.csv exact URL; external public-evidence/crawl.json or media-http.json,ACCESS_BLOCKED,UNKNOWN
https://dentix.ua/sitemap.xml,302,https://dentix.ua/sitemap.xml,200,NOT_APPLICABLE,Preserve discovery endpoint; future production robots/sitemap contents must match approved routes. Existing sitemap.xml currently 302 to WP index.,False,False,DENTIX owner / hosting owner; named assignee pending,200_REBUILD_SAME_URL,/sitemap.xml,control,FINAL_CANDIDATE_NOT_DEPLOYED,hosting owner,Unmeasured legacy access/link loss,2026-09-12,crawl-report.csv exact URL; external public-evidence/crawl.json or media-http.json,ACCESS_BLOCKED,UNKNOWN
https://dentix.ua/sitemap_index.xml,404,,404,NOT_APPLICABLE,"Discovery probe is already genuine HTTP 404; preserve not-found behavior, not an indexable page.",False,False,DENTIX owner / hosting owner; named assignee pending,404_KEEP,/sitemap_index.xml,control,FINAL_CANDIDATE_NOT_DEPLOYED,hosting owner,Unmeasured legacy access/link loss,2026-09-12,crawl-report.csv exact URL; external public-evidence/crawl.json or media-http.json,ACCESS_BLOCKED,UNKNOWN
https://dentix.ua/implantatsiya/,200,https://dentix.ua/implantatsiya/,200,NOT_APPLICABLE,"Existing commercial page; preserve exact URL, intent and incoming navigation; refreshed Ukrainian copy requires evidence.",True,True,DENTIX owner / hosting owner; named assignee pending,200_REBUILD_SAME_URL,/implantatsiya/,content,FINAL_CANDIDATE_NOT_DEPLOYED,client + qualified dental reviewer,Loss of existing service/brand landing page and unknown search/link signals,2026-09-13T12:14:34.884826+00:00,crawl-report.csv exact URL; external public-evidence/crawl.json or media-http.json; PR04C local artifact tests; canonical/sitemap exact paths; no redirect introduced,ACCESS_BLOCKED,UNKNOWN
https://dentix.ua/protezirovanie/,200,https://dentix.ua/protezirovanie/,200,NOT_APPLICABLE,"Existing commercial page; preserve exact URL, intent and incoming navigation; refreshed Ukrainian copy requires evidence.",True,True,DENTIX owner / hosting owner; named assignee pending,200_REBUILD_SAME_URL,/protezirovanie/,content,FINAL_CANDIDATE_NOT_DEPLOYED,client + qualified dental reviewer,Loss of existing service/brand landing page and unknown search/link signals,2026-09-13T12:14:34.884826+00:00,crawl-report.csv exact URL; external public-evidence/crawl.json or media-http.json; PR04C local artifact tests; canonical/sitemap exact paths; no redirect introduced,ACCESS_BLOCKED,UNKNOWN
https://dentix.ua/lechenie-pod-mikroskopom/,200,https://dentix.ua/lechenie-pod-mikroskopom/,200,NOT_APPLICABLE,"Existing commercial page; preserve exact URL, intent and incoming navigation; refreshed Ukrainian copy requires evidence.",False,False,DENTIX owner / hosting owner; named assignee pending,200_REBUILD_SAME_URL,/lechenie-pod-mikroskopom/,content,FINAL_CANDIDATE_NOT_DEPLOYED,client + qualified dental reviewer,Loss of existing service/brand landing page and unknown search/link signals,2026-09-12,"crawl-report.csv exact URL; external public-evidence/crawl.json or media-http.json; PR04A now merged be42e9d3547a9388e2e0a0ffa4d7258a55616579 to noindex preview, workflow 34752031347/deployment 6420548670; PR04B does not change migration disposition",ACCESS_BLOCKED,UNKNOWN
https://dentix.ua/wp-sitemap-posts-post-1.xml,200,https://dentix.ua/sitemap.xml,301,planned 1,"Legacy XML discovery endpoint maps to replacement sitemap, after new sitemap is 200 and includes only approved canonical URLs.",False,False,DENTIX owner / hosting owner; named assignee pending,301_EXACT_REPLACEMENT,/wp-sitemap-posts-post-1.xml,control,FINAL_CANDIDATE_NOT_DEPLOYED,hosting owner,Unmeasured legacy access/link loss,2026-09-12,crawl-report.csv exact URL; external public-evidence/crawl.json or media-http.json,ACCESS_BLOCKED,UNKNOWN
https://dentix.ua/wp-sitemap-posts-page-1.xml,200,https://dentix.ua/sitemap.xml,301,planned 1,"Legacy XML discovery endpoint maps to replacement sitemap, after new sitemap is 200 and includes only approved canonical URLs.",False,False,DENTIX owner / hosting owner; named assignee pending,301_EXACT_REPLACEMENT,/wp-sitemap-posts-page-1.xml,control,FINAL_CANDIDATE_NOT_DEPLOYED,hosting owner,Unmeasured legacy access/link loss,2026-09-12,crawl-report.csv exact URL; external public-evidence/crawl.json or media-http.json,ACCESS_BLOCKED,UNKNOWN
https://dentix.ua/wp-sitemap-taxonomies-category-1.xml,200,https://dentix.ua/sitemap.xml,301,planned 1,"Legacy XML discovery endpoint maps to replacement sitemap, after new sitemap is 200 and includes only approved canonical URLs.",False,False,DENTIX owner / hosting owner; named assignee pending,301_EXACT_REPLACEMENT,/wp-sitemap-taxonomies-category-1.xml,control,FINAL_CANDIDATE_NOT_DEPLOYED,hosting owner,Unmeasured legacy access/link loss,2026-09-12,crawl-report.csv exact URL; external public-evidence/crawl.json or media-http.json,ACCESS_BLOCKED,UNKNOWN
https://dentix.ua/wp-sitemap-users-1.xml,200,https://dentix.ua/sitemap.xml,301,planned 1,"Legacy XML discovery endpoint maps to replacement sitemap, after new sitemap is 200 and includes only approved canonical URLs.",False,False,DENTIX owner / hosting owner; named assignee pending,301_EXACT_REPLACEMENT,/wp-sitemap-users-1.xml,control,FINAL_CANDIDATE_NOT_DEPLOYED,hosting owner,Unmeasured legacy access/link loss,2026-09-12,crawl-report.csv exact URL; external public-evidence/crawl.json or media-http.json,ACCESS_BLOCKED,UNKNOWN
https://dentix.ua/2021/04/08/privet-mir/,200,https://dentix.ua/2021/04/08/privet-mir/,200,NOT_APPLICABLE,"Exact public legacy object retained because current 200, verified backup/public bytes, and 28-day requests; no inferred ranking outcome.",False,False,DENTIX owner / hosting owner; named assignee pending,200_STATIC_PRESERVE_HTML,/2021/04/08/privet-mir/,content,FINAL_CANDIDATE_NOT_DEPLOYED,DENTIX_PR07_AUTHORIZED,Unmeasured legacy access/link loss,2026-09-29,verified private backup object; public HTTP fingerprint; 28-day aggregate logs,ACCESS_BLOCKED,UNKNOWN
https://dentix.ua/sayt-nahoditsya-na-tehnicheskom-obsluzh/,200,,410,NOT_APPLICABLE,Public obsolete maintenance placeholder; proposed retirement after owner confirms no remaining operational use and checks available links.,False,False,DENTIX owner / hosting owner; named assignee pending,410_RETIRE,/sayt-nahoditsya-na-tehnicheskom-obsluzh/,content,FINAL_CANDIDATE_NOT_DEPLOYED,client,Unknown historical links; no organic-loss estimate,2026-09-12,crawl-report.csv exact URL; external public-evidence/crawl.json or media-http.json,ACCESS_BLOCKED,UNKNOWN
https://dentix.ua/otzyivyi/,200,https://dentix.ua/otzyivyi/,200,NOT_APPLICABLE,"Exact public legacy object retained because current 200, verified backup/public bytes, and 28-day requests; no inferred ranking outcome.",False,False,DENTIX owner / hosting owner; named assignee pending,200_STATIC_PRESERVE_HTML,/otzyivyi/,content,FINAL_CANDIDATE_NOT_DEPLOYED,DENTIX_PR07_AUTHORIZED,Unmeasured legacy access/link loss,2026-09-29,verified private backup object; public HTTP fingerprint; 28-day aggregate logs,ACCESS_BLOCKED,UNKNOWN
https://dentix.ua/category/bez-rubriki/,200,https://dentix.ua/category/bez-rubriki/,200,NOT_APPLICABLE,"Exact public legacy object retained because current 200, verified backup/public bytes, and 28-day requests; no inferred ranking outcome.",False,False,DENTIX owner / hosting owner; named assignee pending,200_STATIC_PRESERVE_HTML,/category/bez-rubriki/,content,FINAL_CANDIDATE_NOT_DEPLOYED,DENTIX_PR07_AUTHORIZED,Unmeasured legacy access/link loss,2026-09-29,verified private backup object; public HTTP fingerprint; 28-day aggregate logs,ACCESS_BLOCKED,UNKNOWN
https://dentix.ua/author/newdentix/,200,https://dentix.ua/author/newdentix/,200,NOT_APPLICABLE,"Exact public legacy object retained because current 200, verified backup/public bytes, and 28-day requests; no inferred ranking outcome.",False,False,DENTIX owner / hosting owner; named assignee pending,200_STATIC_PRESERVE_HTML,/author/newdentix/,content,FINAL_CANDIDATE_NOT_DEPLOYED,DENTIX_PR07_AUTHORIZED,Unmeasured legacy access/link loss,2026-09-29,verified private backup object; public HTTP fingerprint; 28-day aggregate logs,ACCESS_BLOCKED,UNKNOWN
https://dentix.ua/2021/04/08/privet-mir/feed/,200,https://dentix.ua/2021/04/08/privet-mir/feed/,200,NOT_APPLICABLE,"Exact public legacy object retained because current 200, verified backup/public bytes, and 28-day requests; no inferred ranking outcome.",False,False,DENTIX owner / hosting owner; named assignee pending,200_STATIC_PRESERVE_XML,/2021/04/08/privet-mir/feed/,feed,FINAL_CANDIDATE_NOT_DEPLOYED,DENTIX_PR07_AUTHORIZED,Unmeasured legacy access/link loss,2026-09-29,verified private backup object; public HTTP fingerprint; 28-day aggregate logs,ACCESS_BLOCKED,UNKNOWN
https://dentix.ua/author/newdentix/feed/,200,https://dentix.ua/author/newdentix/feed/,200,NOT_APPLICABLE,"Exact public legacy object retained because current 200, verified backup/public bytes, and 28-day requests; no inferred ranking outcome.",False,False,DENTIX owner / hosting owner; named assignee pending,200_STATIC_PRESERVE_XML,/author/newdentix/feed/,feed,FINAL_CANDIDATE_NOT_DEPLOYED,DENTIX_PR07_AUTHORIZED,Unmeasured legacy access/link loss,2026-09-29,verified private backup object; public HTTP fingerprint; 28-day aggregate logs,ACCESS_BLOCKED,UNKNOWN
https://dentix.ua/category/bez-rubriki/feed/,200,https://dentix.ua/category/bez-rubriki/feed/,200,NOT_APPLICABLE,"Exact public legacy object retained because current 200, verified backup/public bytes, and 28-day requests; no inferred ranking outcome.",False,False,DENTIX owner / hosting owner; named assignee pending,200_STATIC_PRESERVE_XML,/category/bez-rubriki/feed/,feed,FINAL_CANDIDATE_NOT_DEPLOYED,DENTIX_PR07_AUTHORIZED,Unmeasured legacy access/link loss,2026-09-29,verified private backup object; public HTTP fingerprint; 28-day aggregate logs,ACCESS_BLOCKED,UNKNOWN
https://dentix.ua/comments/feed/,200,https://dentix.ua/comments/feed/,200,NOT_APPLICABLE,"Exact public legacy object retained because current 200, verified backup/public bytes, and 28-day requests; no inferred ranking outcome.",False,False,DENTIX owner / hosting owner; named assignee pending,200_STATIC_PRESERVE_XML,/comments/feed/,feed,FINAL_CANDIDATE_NOT_DEPLOYED,DENTIX_PR07_AUTHORIZED,Unmeasured legacy access/link loss,2026-09-29,verified private backup object; public HTTP fingerprint; 28-day aggregate logs,ACCESS_BLOCKED,UNKNOWN
https://dentix.ua/elementor-5/feed/,200,https://dentix.ua/elementor-5/feed/,200,NOT_APPLICABLE,"Exact public legacy object retained because current 200, verified backup/public bytes, and 28-day requests; no inferred ranking outcome.",False,False,DENTIX owner / hosting owner; named assignee pending,200_STATIC_PRESERVE_XML,/elementor-5/feed/,feed,FINAL_CANDIDATE_NOT_DEPLOYED,DENTIX_PR07_AUTHORIZED,Unmeasured legacy access/link loss,2026-09-29,verified private backup object; public HTTP fingerprint; 28-day aggregate logs,ACCESS_BLOCKED,UNKNOWN
https://dentix.ua/feed/,200,https://dentix.ua/feed/,200,NOT_APPLICABLE,"Exact public legacy object retained because current 200, verified backup/public bytes, and 28-day requests; no inferred ranking outcome.",False,False,DENTIX owner / hosting owner; named assignee pending,200_STATIC_PRESERVE_XML,/feed/,feed,FINAL_CANDIDATE_NOT_DEPLOYED,DENTIX_PR07_AUTHORIZED,Unmeasured legacy access/link loss,2026-09-29,verified private backup object; public HTTP fingerprint; 28-day aggregate logs,ACCESS_BLOCKED,UNKNOWN
https://dentix.ua/otzyivyi/feed/,200,https://dentix.ua/otzyivyi/feed/,200,NOT_APPLICABLE,"Exact public legacy object retained because current 200, verified backup/public bytes, and 28-day requests; no inferred ranking outcome.",False,False,DENTIX owner / hosting owner; named assignee pending,200_STATIC_PRESERVE_XML,/otzyivyi/feed/,feed,FINAL_CANDIDATE_NOT_DEPLOYED,DENTIX_PR07_AUTHORIZED,Unmeasured legacy access/link loss,2026-09-29,verified private backup object; public HTTP fingerprint; 28-day aggregate logs,ACCESS_BLOCKED,UNKNOWN
https://www.dentix.ua/,301,https://dentix.ua/,301,planned 1,Normalize host/protocol to existing canonical; observed current redirect chain recorded.,False,False,DENTIX owner / hosting owner; named assignee pending,301_EXACT_REPLACEMENT,/,content,FINAL_CANDIDATE_NOT_DEPLOYED,client,Unmeasured legacy access/link loss,2026-09-12,crawl-report.csv exact URL; external public-evidence/crawl.json or media-http.json,ACCESS_BLOCKED,UNKNOWN
http://dentix.ua/,301,https://dentix.ua/,301,planned 1,Normalize host/protocol to existing canonical; observed current redirect chain recorded.,False,False,DENTIX owner / hosting owner; named assignee pending,301_EXACT_REPLACEMENT,/,content,FINAL_CANDIDATE_NOT_DEPLOYED,client,Unmeasured legacy access/link loss,2026-09-12,crawl-report.csv exact URL; external public-evidence/crawl.json or media-http.json,ACCESS_BLOCKED,UNKNOWN
https://dentix.ua/wp-content/uploads/2024/03/Logo_cu.png,200,https://dentix.ua/wp-content/uploads/2024/03/Logo_cu.png,200,NOT_APPLICABLE,"Exact public legacy object retained because current 200, verified backup/public bytes, and 28-day requests; no inferred ranking outcome.",False,False,DENTIX owner / hosting owner; named assignee pending,200_STATIC_PRESERVE_MEDIA,/wp-content/uploads/2024/03/Logo_cu.png,media,FINAL_CANDIDATE_NOT_DEPLOYED,DENTIX_PR07_AUTHORIZED,Unmeasured legacy access/link loss,2026-09-29,verified private backup object; public HTTP fingerprint; 28-day aggregate logs,ACCESS_BLOCKED,UNKNOWN
https://dentix.ua/wp-content/uploads/2021/04/14_150-150x150.png,200,https://dentix.ua/wp-content/uploads/2021/04/14_150-150x150.png,200,NOT_APPLICABLE,"Exact public legacy object retained because current 200, verified backup/public bytes, and 28-day requests; no inferred ranking outcome.",False,False,DENTIX owner / hosting owner; named assignee pending,200_STATIC_PRESERVE_MEDIA,/wp-content/uploads/2021/04/14_150-150x150.png,media,FINAL_CANDIDATE_NOT_DEPLOYED,DENTIX_PR07_AUTHORIZED,Unmeasured legacy access/link loss,2026-09-29,verified private backup object; public HTTP fingerprint; 28-day aggregate logs,ACCESS_BLOCKED,UNKNOWN
https://dentix.ua/wp-content/uploads/2021/04/13_150-150x150.png,200,https://dentix.ua/wp-content/uploads/2021/04/13_150-150x150.png,200,NOT_APPLICABLE,"Exact public legacy object retained because current 200, verified backup/public bytes, and 28-day requests; no inferred ranking outcome.",False,False,DENTIX owner / hosting owner; named assignee pending,200_STATIC_PRESERVE_MEDIA,/wp-content/uploads/2021/04/13_150-150x150.png,media,FINAL_CANDIDATE_NOT_DEPLOYED,DENTIX_PR07_AUTHORIZED,Unmeasured legacy access/link loss,2026-09-29,verified private backup object; public HTTP fingerprint; 28-day aggregate logs,ACCESS_BLOCKED,UNKNOWN
https://dentix.ua/wp-content/uploads/2021/04/15_150-150x150.png,200,https://dentix.ua/wp-content/uploads/2021/04/15_150-150x150.png,200,NOT_APPLICABLE,"Exact public legacy object retained because current 200, verified backup/public bytes, and 28-day requests; no inferred ranking outcome.",False,False,DENTIX owner / hosting owner; named assignee pending,200_STATIC_PRESERVE_MEDIA,/wp-content/uploads/2021/04/15_150-150x150.png,media,FINAL_CANDIDATE_NOT_DEPLOYED,DENTIX_PR07_AUTHORIZED,Unmeasured legacy access/link loss,2026-09-29,verified private backup object; public HTTP fingerprint; 28-day aggregate logs,ACCESS_BLOCKED,UNKNOWN
https://dentix.ua/wp-content/uploads/2024/05/20240405_123140_300-169x300.jpg,200,https://dentix.ua/wp-content/uploads/2024/05/20240405_123140_300-169x300.jpg,200,NOT_APPLICABLE,"Exact public legacy object retained because current 200, verified backup/public bytes, and 28-day requests; no inferred ranking outcome.",False,False,DENTIX owner / hosting owner; named assignee pending,200_STATIC_PRESERVE_MEDIA,/wp-content/uploads/2024/05/20240405_123140_300-169x300.jpg,media,FINAL_CANDIDATE_NOT_DEPLOYED,DENTIX_PR07_AUTHORIZED,Unmeasured legacy access/link loss,2026-09-29,verified private backup object; public HTTP fingerprint; 28-day aggregate logs,ACCESS_BLOCKED,UNKNOWN
https://dentix.ua/wp-content/uploads/2024/05/20240405_105221_300-169x300.jpg,200,https://dentix.ua/wp-content/uploads/2024/05/20240405_105221_300-169x300.jpg,200,NOT_APPLICABLE,"Exact public legacy object retained because current 200, verified backup/public bytes, and 28-day requests; no inferred ranking outcome.",False,False,DENTIX owner / hosting owner; named assignee pending,200_STATIC_PRESERVE_MEDIA,/wp-content/uploads/2024/05/20240405_105221_300-169x300.jpg,media,FINAL_CANDIDATE_NOT_DEPLOYED,DENTIX_PR07_AUTHORIZED,Unmeasured legacy access/link loss,2026-09-29,verified private backup object; public HTTP fingerprint; 28-day aggregate logs,ACCESS_BLOCKED,UNKNOWN
https://dentix.ua/wp-content/uploads/2024/05/20240405_105452_300-169x300.jpg,200,https://dentix.ua/wp-content/uploads/2024/05/20240405_105452_300-169x300.jpg,200,NOT_APPLICABLE,"Exact public legacy object retained because current 200, verified backup/public bytes, and 28-day requests; no inferred ranking outcome.",False,False,DENTIX owner / hosting owner; named assignee pending,200_STATIC_PRESERVE_MEDIA,/wp-content/uploads/2024/05/20240405_105452_300-169x300.jpg,media,FINAL_CANDIDATE_NOT_DEPLOYED,DENTIX_PR07_AUTHORIZED,Unmeasured legacy access/link loss,2026-09-29,verified private backup object; public HTTP fingerprint; 28-day aggregate logs,ACCESS_BLOCKED,UNKNOWN
https://dentix.ua/wp-content/uploads/2024/05/20240405_105121_300-169x300.jpg,200,https://dentix.ua/wp-content/uploads/2024/05/20240405_105121_300-169x300.jpg,200,NOT_APPLICABLE,"Exact public legacy object retained because current 200, verified backup/public bytes, and 28-day requests; no inferred ranking outcome.",False,False,DENTIX owner / hosting owner; named assignee pending,200_STATIC_PRESERVE_MEDIA,/wp-content/uploads/2024/05/20240405_105121_300-169x300.jpg,media,FINAL_CANDIDATE_NOT_DEPLOYED,DENTIX_PR07_AUTHORIZED,Unmeasured legacy access/link loss,2026-09-29,verified private backup object; public HTTP fingerprint; 28-day aggregate logs,ACCESS_BLOCKED,UNKNOWN
https://dentix.ua/wp-content/uploads/2021/04/sert10-215x300.jpg,200,https://dentix.ua/wp-content/uploads/2021/04/sert10-215x300.jpg,200,NOT_APPLICABLE,"Exact public legacy object retained because current 200, verified backup/public bytes, and 28-day requests; no inferred ranking outcome.",False,False,DENTIX owner / hosting owner; named assignee pending,200_STATIC_PRESERVE_MEDIA,/wp-content/uploads/2021/04/sert10-215x300.jpg,media,FINAL_CANDIDATE_NOT_DEPLOYED,DENTIX_PR07_AUTHORIZED,Unmeasured legacy access/link loss,2026-09-29,verified private backup object; public HTTP fingerprint; 28-day aggregate logs,ACCESS_BLOCKED,UNKNOWN
https://dentix.ua/wp-content/uploads/2021/04/sert9-213x300.jpg,200,https://dentix.ua/wp-content/uploads/2021/04/sert9-213x300.jpg,200,NOT_APPLICABLE,"Exact public legacy object retained because current 200, verified backup/public bytes, and 28-day requests; no inferred ranking outcome.",False,False,DENTIX owner / hosting owner; named assignee pending,200_STATIC_PRESERVE_MEDIA,/wp-content/uploads/2021/04/sert9-213x300.jpg,media,FINAL_CANDIDATE_NOT_DEPLOYED,DENTIX_PR07_AUTHORIZED,Unmeasured legacy access/link loss,2026-09-29,verified private backup object; public HTTP fingerprint; 28-day aggregate logs,ACCESS_BLOCKED,UNKNOWN
https://dentix.ua/wp-content/uploads/2021/04/sert8-208x300.jpg,200,https://dentix.ua/wp-content/uploads/2021/04/sert8-208x300.jpg,200,NOT_APPLICABLE,"Exact public legacy object retained because current 200, verified backup/public bytes, and 28-day requests; no inferred ranking outcome.",False,False,DENTIX owner / hosting owner; named assignee pending,200_STATIC_PRESERVE_MEDIA,/wp-content/uploads/2021/04/sert8-208x300.jpg,media,FINAL_CANDIDATE_NOT_DEPLOYED,DENTIX_PR07_AUTHORIZED,Unmeasured legacy access/link loss,2026-09-29,verified private backup object; public HTTP fingerprint; 28-day aggregate logs,ACCESS_BLOCKED,UNKNOWN
https://dentix.ua/wp-content/uploads/2021/04/sert7-203x300.jpg,200,https://dentix.ua/wp-content/uploads/2021/04/sert7-203x300.jpg,200,NOT_APPLICABLE,"Exact public legacy object retained because current 200, verified backup/public bytes, and 28-day requests; no inferred ranking outcome.",False,False,DENTIX owner / hosting owner; named assignee pending,200_STATIC_PRESERVE_MEDIA,/wp-content/uploads/2021/04/sert7-203x300.jpg,media,FINAL_CANDIDATE_NOT_DEPLOYED,DENTIX_PR07_AUTHORIZED,Unmeasured legacy access/link loss,2026-09-29,verified private backup object; public HTTP fingerprint; 28-day aggregate logs,ACCESS_BLOCKED,UNKNOWN
https://dentix.ua/wp-content/uploads/2021/04/sert6-300x213.jpg,200,https://dentix.ua/wp-content/uploads/2021/04/sert6-300x213.jpg,200,NOT_APPLICABLE,"Exact public legacy object retained because current 200, verified backup/public bytes, and 28-day requests; no inferred ranking outcome.",False,False,DENTIX owner / hosting owner; named assignee pending,200_STATIC_PRESERVE_MEDIA,/wp-content/uploads/2021/04/sert6-300x213.jpg,media,FINAL_CANDIDATE_NOT_DEPLOYED,DENTIX_PR07_AUTHORIZED,Unmeasured legacy access/link loss,2026-09-29,verified private backup object; public HTTP fingerprint; 28-day aggregate logs,ACCESS_BLOCKED,UNKNOWN
https://dentix.ua/wp-content/uploads/2021/04/sert5-211x300.jpg,200,https://dentix.ua/wp-content/uploads/2021/04/sert5-211x300.jpg,200,NOT_APPLICABLE,"Exact public legacy object retained because current 200, verified backup/public bytes, and 28-day requests; no inferred ranking outcome.",False,False,DENTIX owner / hosting owner; named assignee pending,200_STATIC_PRESERVE_MEDIA,/wp-content/uploads/2021/04/sert5-211x300.jpg,media,FINAL_CANDIDATE_NOT_DEPLOYED,DENTIX_PR07_AUTHORIZED,Unmeasured legacy access/link loss,2026-09-29,verified private backup object; public HTTP fingerprint; 28-day aggregate logs,ACCESS_BLOCKED,UNKNOWN
https://dentix.ua/wp-content/uploads/2021/04/sert4-212x300.jpg,200,https://dentix.ua/wp-content/uploads/2021/04/sert4-212x300.jpg,200,NOT_APPLICABLE,"Exact public legacy object retained because current 200, verified backup/public bytes, and 28-day requests; no inferred ranking outcome.",False,False,DENTIX owner / hosting owner; named assignee pending,200_STATIC_PRESERVE_MEDIA,/wp-content/uploads/2021/04/sert4-212x300.jpg,media,FINAL_CANDIDATE_NOT_DEPLOYED,DENTIX_PR07_AUTHORIZED,Unmeasured legacy access/link loss,2026-09-29,verified private backup object; public HTTP fingerprint; 28-day aggregate logs,ACCESS_BLOCKED,UNKNOWN
https://dentix.ua/wp-content/uploads/2021/04/sert3-212x300.jpg,200,https://dentix.ua/wp-content/uploads/2021/04/sert3-212x300.jpg,200,NOT_APPLICABLE,"Exact public legacy object retained because current 200, verified backup/public bytes, and 28-day requests; no inferred ranking outcome.",False,False,DENTIX owner / hosting owner; named assignee pending,200_STATIC_PRESERVE_MEDIA,/wp-content/uploads/2021/04/sert3-212x300.jpg,media,FINAL_CANDIDATE_NOT_DEPLOYED,DENTIX_PR07_AUTHORIZED,Unmeasured legacy access/link loss,2026-09-29,verified private backup object; public HTTP fingerprint; 28-day aggregate logs,ACCESS_BLOCKED,UNKNOWN
https://dentix.ua/wp-content/uploads/2021/04/sert2-214x300.jpg,200,https://dentix.ua/wp-content/uploads/2021/04/sert2-214x300.jpg,200,NOT_APPLICABLE,"Exact public legacy object retained because current 200, verified backup/public bytes, and 28-day requests; no inferred ranking outcome.",False,False,DENTIX owner / hosting owner; named assignee pending,200_STATIC_PRESERVE_MEDIA,/wp-content/uploads/2021/04/sert2-214x300.jpg,media,FINAL_CANDIDATE_NOT_DEPLOYED,DENTIX_PR07_AUTHORIZED,Unmeasured legacy access/link loss,2026-09-29,verified private backup object; public HTTP fingerprint; 28-day aggregate logs,ACCESS_BLOCKED,UNKNOWN
https://dentix.ua/wp-content/uploads/2021/04/sert1-216x300.jpg,200,https://dentix.ua/wp-content/uploads/2021/04/sert1-216x300.jpg,200,NOT_APPLICABLE,"Exact public legacy object retained because current 200, verified backup/public bytes, and 28-day requests; no inferred ranking outcome.",False,False,DENTIX owner / hosting owner; named assignee pending,200_STATIC_PRESERVE_MEDIA,/wp-content/uploads/2021/04/sert1-216x300.jpg,media,FINAL_CANDIDATE_NOT_DEPLOYED,DENTIX_PR07_AUTHORIZED,Unmeasured legacy access/link loss,2026-09-29,verified private backup object; public HTTP fingerprint; 28-day aggregate logs,ACCESS_BLOCKED,UNKNOWN
https://dentix.ua/wp-content/uploads/2021/04/Stas.jpg,200,https://dentix.ua/wp-content/uploads/2021/04/Stas.jpg,200,NOT_APPLICABLE,"Exact public legacy object retained because current 200, verified backup/public bytes, and 28-day requests; no inferred ranking outcome.",False,False,DENTIX owner / hosting owner; named assignee pending,200_STATIC_PRESERVE_MEDIA,/wp-content/uploads/2021/04/Stas.jpg,media,FINAL_CANDIDATE_NOT_DEPLOYED,DENTIX_PR07_AUTHORIZED,Unmeasured legacy access/link loss,2026-09-29,verified private backup object; public HTTP fingerprint; 28-day aggregate logs,ACCESS_BLOCKED,UNKNOWN
https://dentix.ua/wp-content/uploads/2024/05/20240405_123140_300.jpg,200,https://dentix.ua/wp-content/uploads/2024/05/20240405_123140_300.jpg,200,NOT_APPLICABLE,"Exact public legacy object retained because current 200, verified backup/public bytes, and 28-day requests; no inferred ranking outcome.",False,False,DENTIX owner / hosting owner; named assignee pending,200_STATIC_PRESERVE_MEDIA,/wp-content/uploads/2024/05/20240405_123140_300.jpg,media,FINAL_CANDIDATE_NOT_DEPLOYED,DENTIX_PR07_AUTHORIZED,Unmeasured legacy access/link loss,2026-09-29,verified private backup object; public HTTP fingerprint; 28-day aggregate logs,ACCESS_BLOCKED,UNKNOWN
https://dentix.ua/wp-content/uploads/2024/05/20240405_105221_300.jpg,200,https://dentix.ua/wp-content/uploads/2024/05/20240405_105221_300.jpg,200,NOT_APPLICABLE,"Exact public legacy object retained because current 200, verified backup/public bytes, and 28-day requests; no inferred ranking outcome.",False,False,DENTIX owner / hosting owner; named assignee pending,200_STATIC_PRESERVE_MEDIA,/wp-content/uploads/2024/05/20240405_105221_300.jpg,media,FINAL_CANDIDATE_NOT_DEPLOYED,DENTIX_PR07_AUTHORIZED,Unmeasured legacy access/link loss,2026-09-29,verified private backup object; public HTTP fingerprint; 28-day aggregate logs,ACCESS_BLOCKED,UNKNOWN
https://dentix.ua/wp-content/uploads/2024/05/20240405_105452_300.jpg,200,https://dentix.ua/wp-content/uploads/2024/05/20240405_105452_300.jpg,200,NOT_APPLICABLE,"Exact public legacy object retained because current 200, verified backup/public bytes, and 28-day requests; no inferred ranking outcome.",False,False,DENTIX owner / hosting owner; named assignee pending,200_STATIC_PRESERVE_MEDIA,/wp-content/uploads/2024/05/20240405_105452_300.jpg,media,FINAL_CANDIDATE_NOT_DEPLOYED,DENTIX_PR07_AUTHORIZED,Unmeasured legacy access/link loss,2026-09-29,verified private backup object; public HTTP fingerprint; 28-day aggregate logs,ACCESS_BLOCKED,UNKNOWN
https://dentix.ua/wp-content/uploads/2024/05/20240405_105121_300.jpg,200,https://dentix.ua/wp-content/uploads/2024/05/20240405_105121_300.jpg,200,NOT_APPLICABLE,"Exact public legacy object retained because current 200, verified backup/public bytes, and 28-day requests; no inferred ranking outcome.",False,False,DENTIX owner / hosting owner; named assignee pending,200_STATIC_PRESERVE_MEDIA,/wp-content/uploads/2024/05/20240405_105121_300.jpg,media,FINAL_CANDIDATE_NOT_DEPLOYED,DENTIX_PR07_AUTHORIZED,Unmeasured legacy access/link loss,2026-09-29,verified private backup object; public HTTP fingerprint; 28-day aggregate logs,ACCESS_BLOCKED,UNKNOWN
https://dentix.ua/wp-content/uploads/2021/04/sert10.jpg,200,https://dentix.ua/wp-content/uploads/2021/04/sert10.jpg,200,NOT_APPLICABLE,"Exact public legacy object retained because current 200, verified backup/public bytes, and 28-day requests; no inferred ranking outcome.",False,False,DENTIX owner / hosting owner; named assignee pending,200_STATIC_PRESERVE_MEDIA,/wp-content/uploads/2021/04/sert10.jpg,media,FINAL_CANDIDATE_NOT_DEPLOYED,DENTIX_PR07_AUTHORIZED,Unmeasured legacy access/link loss,2026-09-29,verified private backup object; public HTTP fingerprint; 28-day aggregate logs,ACCESS_BLOCKED,UNKNOWN
https://dentix.ua/wp-content/uploads/2021/04/sert9.jpg,200,https://dentix.ua/wp-content/uploads/2021/04/sert9.jpg,200,NOT_APPLICABLE,"Exact public legacy object retained because current 200, verified backup/public bytes, and 28-day requests; no inferred ranking outcome.",False,False,DENTIX owner / hosting owner; named assignee pending,200_STATIC_PRESERVE_MEDIA,/wp-content/uploads/2021/04/sert9.jpg,media,FINAL_CANDIDATE_NOT_DEPLOYED,DENTIX_PR07_AUTHORIZED,Unmeasured legacy access/link loss,2026-09-29,verified private backup object; public HTTP fingerprint; 28-day aggregate logs,ACCESS_BLOCKED,UNKNOWN
https://dentix.ua/wp-content/uploads/2021/04/sert8.jpg,200,https://dentix.ua/wp-content/uploads/2021/04/sert8.jpg,200,NOT_APPLICABLE,"Exact public legacy object retained because current 200, verified backup/public bytes, and 28-day requests; no inferred ranking outcome.",False,False,DENTIX owner / hosting owner; named assignee pending,200_STATIC_PRESERVE_MEDIA,/wp-content/uploads/2021/04/sert8.jpg,media,FINAL_CANDIDATE_NOT_DEPLOYED,DENTIX_PR07_AUTHORIZED,Unmeasured legacy access/link loss,2026-09-29,verified private backup object; public HTTP fingerprint; 28-day aggregate logs,ACCESS_BLOCKED,UNKNOWN
https://dentix.ua/wp-content/uploads/2021/04/sert7.jpg,200,https://dentix.ua/wp-content/uploads/2021/04/sert7.jpg,200,NOT_APPLICABLE,"Exact public legacy object retained because current 200, verified backup/public bytes, and 28-day requests; no inferred ranking outcome.",False,False,DENTIX owner / hosting owner; named assignee pending,200_STATIC_PRESERVE_MEDIA,/wp-content/uploads/2021/04/sert7.jpg,media,FINAL_CANDIDATE_NOT_DEPLOYED,DENTIX_PR07_AUTHORIZED,Unmeasured legacy access/link loss,2026-09-29,verified private backup object; public HTTP fingerprint; 28-day aggregate logs,ACCESS_BLOCKED,UNKNOWN
https://dentix.ua/wp-content/uploads/2021/04/sert6.jpg,200,https://dentix.ua/wp-content/uploads/2021/04/sert6.jpg,200,NOT_APPLICABLE,"Exact public legacy object retained because current 200, verified backup/public bytes, and 28-day requests; no inferred ranking outcome.",False,False,DENTIX owner / hosting owner; named assignee pending,200_STATIC_PRESERVE_MEDIA,/wp-content/uploads/2021/04/sert6.jpg,media,FINAL_CANDIDATE_NOT_DEPLOYED,DENTIX_PR07_AUTHORIZED,Unmeasured legacy access/link loss,2026-09-29,verified private backup object; public HTTP fingerprint; 28-day aggregate logs,ACCESS_BLOCKED,UNKNOWN
https://dentix.ua/wp-content/uploads/2021/04/sert5.jpg,200,https://dentix.ua/wp-content/uploads/2021/04/sert5.jpg,200,NOT_APPLICABLE,"Exact public legacy object retained because current 200, verified backup/public bytes, and 28-day requests; no inferred ranking outcome.",False,False,DENTIX owner / hosting owner; named assignee pending,200_STATIC_PRESERVE_MEDIA,/wp-content/uploads/2021/04/sert5.jpg,media,FINAL_CANDIDATE_NOT_DEPLOYED,DENTIX_PR07_AUTHORIZED,Unmeasured legacy access/link loss,2026-09-29,verified private backup object; public HTTP fingerprint; 28-day aggregate logs,ACCESS_BLOCKED,UNKNOWN
https://dentix.ua/wp-content/uploads/2021/04/sert4.jpg,200,https://dentix.ua/wp-content/uploads/2021/04/sert4.jpg,200,NOT_APPLICABLE,"Exact public legacy object retained because current 200, verified backup/public bytes, and 28-day requests; no inferred ranking outcome.",False,False,DENTIX owner / hosting owner; named assignee pending,200_STATIC_PRESERVE_MEDIA,/wp-content/uploads/2021/04/sert4.jpg,media,FINAL_CANDIDATE_NOT_DEPLOYED,DENTIX_PR07_AUTHORIZED,Unmeasured legacy access/link loss,2026-09-29,verified private backup object; public HTTP fingerprint; 28-day aggregate logs,ACCESS_BLOCKED,UNKNOWN
https://dentix.ua/wp-content/uploads/2021/04/sert3.jpg,200,https://dentix.ua/wp-content/uploads/2021/04/sert3.jpg,200,NOT_APPLICABLE,"Exact public legacy object retained because current 200, verified backup/public bytes, and 28-day requests; no inferred ranking outcome.",False,False,DENTIX owner / hosting owner; named assignee pending,200_STATIC_PRESERVE_MEDIA,/wp-content/uploads/2021/04/sert3.jpg,media,FINAL_CANDIDATE_NOT_DEPLOYED,DENTIX_PR07_AUTHORIZED,Unmeasured legacy access/link loss,2026-09-29,verified private backup object; public HTTP fingerprint; 28-day aggregate logs,ACCESS_BLOCKED,UNKNOWN
https://dentix.ua/wp-content/uploads/2021/04/sert2.jpg,200,https://dentix.ua/wp-content/uploads/2021/04/sert2.jpg,200,NOT_APPLICABLE,"Exact public legacy object retained because current 200, verified backup/public bytes, and 28-day requests; no inferred ranking outcome.",False,False,DENTIX owner / hosting owner; named assignee pending,200_STATIC_PRESERVE_MEDIA,/wp-content/uploads/2021/04/sert2.jpg,media,FINAL_CANDIDATE_NOT_DEPLOYED,DENTIX_PR07_AUTHORIZED,Unmeasured legacy access/link loss,2026-09-29,verified private backup object; public HTTP fingerprint; 28-day aggregate logs,ACCESS_BLOCKED,UNKNOWN
https://dentix.ua/wp-content/uploads/2021/04/sert1.jpg,200,https://dentix.ua/wp-content/uploads/2021/04/sert1.jpg,200,NOT_APPLICABLE,"Exact public legacy object retained because current 200, verified backup/public bytes, and 28-day requests; no inferred ranking outcome.",False,False,DENTIX owner / hosting owner; named assignee pending,200_STATIC_PRESERVE_MEDIA,/wp-content/uploads/2021/04/sert1.jpg,media,FINAL_CANDIDATE_NOT_DEPLOYED,DENTIX_PR07_AUTHORIZED,Unmeasured legacy access/link loss,2026-09-29,verified private backup object; public HTTP fingerprint; 28-day aggregate logs,ACCESS_BLOCKED,UNKNOWN
https://dentix.ua/wp-content/uploads/2021/04/Logo_ICO_Black_Bolt.png,200,https://dentix.ua/wp-content/uploads/2021/04/Logo_ICO_Black_Bolt.png,200,NOT_APPLICABLE,"Exact public legacy object retained because current 200, verified backup/public bytes, and 28-day requests; no inferred ranking outcome.",False,False,DENTIX owner / hosting owner; named assignee pending,200_STATIC_PRESERVE_MEDIA,/wp-content/uploads/2021/04/Logo_ICO_Black_Bolt.png,media,FINAL_CANDIDATE_NOT_DEPLOYED,DENTIX_PR07_AUTHORIZED,Unmeasured legacy access/link loss,2026-09-29,verified private backup object; public HTTP fingerprint; 28-day aggregate logs,ACCESS_BLOCKED,UNKNOWN
https://dentix.ua/wp-content/uploads/2024/03/unnamed.png,200,https://dentix.ua/wp-content/uploads/2024/03/unnamed.png,200,NOT_APPLICABLE,"Exact public legacy object retained because current 200, verified backup/public bytes, and 28-day requests; no inferred ranking outcome.",False,False,DENTIX owner / hosting owner; named assignee pending,200_STATIC_PRESERVE_MEDIA,/wp-content/uploads/2024/03/unnamed.png,media,FINAL_CANDIDATE_NOT_DEPLOYED,DENTIX_PR07_AUTHORIZED,Unmeasured legacy access/link loss,2026-09-29,verified private backup object; public HTTP fingerprint; 28-day aggregate logs,ACCESS_BLOCKED,UNKNOWN
https://dentix.ua/wp-content/uploads/2024/03/krasivaya-ulybka-v-vashikh-rukakh.png,200,https://dentix.ua/wp-content/uploads/2024/03/krasivaya-ulybka-v-vashikh-rukakh.png,200,NOT_APPLICABLE,"Exact public legacy object retained because current 200, verified backup/public bytes, and 28-day requests; no inferred ranking outcome.",False,False,DENTIX owner / hosting owner; named assignee pending,200_STATIC_PRESERVE_MEDIA,/wp-content/uploads/2024/03/krasivaya-ulybka-v-vashikh-rukakh.png,media,FINAL_CANDIDATE_NOT_DEPLOYED,DENTIX_PR07_AUTHORIZED,Unmeasured legacy access/link loss,2026-09-29,verified private backup object; public HTTP fingerprint; 28-day aggregate logs,ACCESS_BLOCKED,UNKNOWN
https://dentix.ua/wp-content/uploads/2024/03/0fcfe684754725384c.png,200,https://dentix.ua/wp-content/uploads/2024/03/0fcfe684754725384c.png,200,NOT_APPLICABLE,"Exact public legacy object retained because current 200, verified backup/public bytes, and 28-day requests; no inferred ranking outcome.",False,False,DENTIX owner / hosting owner; named assignee pending,200_STATIC_PRESERVE_MEDIA,/wp-content/uploads/2024/03/0fcfe684754725384c.png,media,FINAL_CANDIDATE_NOT_DEPLOYED,DENTIX_PR07_AUTHORIZED,Unmeasured legacy access/link loss,2026-09-29,verified private backup object; public HTTP fingerprint; 28-day aggregate logs,ACCESS_BLOCKED,UNKNOWN
https://dentix.ua/wp-content/uploads/2021/04/Logo_cut_black-1024x276.png,200,https://dentix.ua/wp-content/uploads/2021/04/Logo_cut_black-1024x276.png,200,NOT_APPLICABLE,"Exact public legacy object retained because current 200, verified backup/public bytes, and 28-day requests; no inferred ranking outcome.",False,False,DENTIX owner / hosting owner; named assignee pending,200_STATIC_PRESERVE_MEDIA,/wp-content/uploads/2021/04/Logo_cut_black-1024x276.png,media,FINAL_CANDIDATE_NOT_DEPLOYED,DENTIX_PR07_AUTHORIZED,Unmeasured legacy access/link loss,2026-09-29,verified private backup object; public HTTP fingerprint; 28-day aggregate logs,ACCESS_BLOCKED,UNKNOWN
